"Name","Website"
"Sarat Ford Lincoln","http://www.saratford.net/new-inventory/"
"Marcotte Ford","http://marcotteford.com/Springfield-MA/For-Sale/New/"
"Ford of Northampton, Inc.","http://fordnorthhampton.net/Northampton/For-Sale/New/"
"Balise Ford","http://www.balisefordwilbraham.com/new-inventory/index.htm"
"Balise Ford of Wilbraham","http://fordofwilbraham.com/Springfield-MA/For-Sale/New/"
"Family Ford of Enfield","http://www.familyfordinc.com/new-inventory/"
"Johnson Ford-Lincoln","http://www.johnsondealerships.net/new-inventory/"
"Ford of Greenfield","http://fordofgreenfield.com/Springfield/For-Sale/New/"
"Gervais Ford","http://gervais-ford.com/Ayer/For-Sale/New/"
"Townsend Ford","http://www.townsendford.net/new-inventory/"
"Langway Ford","http://www.langwayford.net/new-inventory"
"Prime Ford Auburn","http://www.primefordauburn.com/inventory/new-vehicles"
"Imperial Ford","http://imperialfordmilford.com/Providence-RI-Worcester-MA/For-Sale/New/"
"Lamoureux Ford","http://www.lamford.net/new-inventory/"
"Sunnyside Ford","http://sunnysideford.com/Worcester-County/For-Sale/New/"
"Harr Ford Lincoln Toyota","http://www.harr.com/search/new/tp/"
"Herb Chambers Ford of Westborough","http://www.herbchambersfordofwestborough.com/new-inventory/index.htm"
"Wayside Ford","http://waysideford.com/Boston/For-Sale/New/"
"Framingham Ford Lincoln","http://framinghamford.net/Boston/For-Sale/New/"
"Acton Ford","http://www.actonford.com/new-inventory/"
"Bonnell Ford","http://www.bonnellford.com/Boston/For-Sale/New/"
"Stoneham Ford","http://www.stonehamford.com/inventory.aspx"
"Drum Hill Ford","http://www.drumhillfordsales.com/new-inventory/"
"AutoFair Ford of Haverhill","http://www.autofairfordma.com/new-cars-haverhill-ma"
"Salem Ford Hyundai - Key Auto Group","http://www.salemfordhyundai.com/new-inventory/index.htm"
"Salem Ford","http://www.salemford.com/new-inventory"
"York Ford Inc","http://www.yorkford.com/new-inventory/index.htm"
"Sentry Ford and Lincoln","http://www.sentryfordauto.com/new-inventory/"
"Wall's Ford","http://www.wallsford.com/inventory/"
"Thomas Ford","http://www.thomasford.com/inventory.aspx"
"Danvers Ford","http://danversmotors.com/Boston/For-Sale/New/"
"Ipswich Ford","http://www.ipswichford.net/new-inventory"
"Jannell Ford of Hanover","http://jannellford.com/Boston/For-Sale/New/"
"Franklin Ford","http://www.franklinford.com/new-inventory/index.htm"
"Jack Madden Ford","http://jackmaddenfordsales.com/Boston/For-Sale/New/"
"Muzi Ford","http://www.muziford.com/new-inventory/index.htm"
"Rodman Ford","http://www.rodmanford.com/new-cars-boston-ma"
"Quirk Ford","http://www.quirkford.com/new-inventory/?"
"Sentry Ford Lincoln","http://www.sentryfordauto.com/new-inventory/"
"Herb Chambers Ford of Braintree","http://www.herbchambersfordofbraintree.com/new-inventory/index.htm"
"Watertown Ford","http://www.watertownford.com/new-inventory.aspx"
"Herb Chambers Ford","http://herbchambersford.biz/Boston/For-Sale/New/"
"Baystate Ford","http://baystateford.com/inventory/view/New/"
"Metro Ford","http://www.metrofordmass.com/new-inventory/index.htm"
"Colonial Ford","http://buycolonialford.com/new_inventory"
"Wareham Ford Inc","http://www.warehamfordinc.com/new-inventory?vehicle_type=All"
"Balise Ford of Cape Cod","http://www.balisefordcapecod.com/new-inventory/?"
"Chatham Ford","http://chatham.dealerconnection.com/new-inventory"
"First Ford","http://www.firstfordma.com/search/new/tp/"
"Tasca Ford Mazda","http://www.tasca.com/Inventory/view/Make/Ford/New/"
"Tasca Ford Lincoln","http://tascalincoln.net/Cranston/For-Sale/New/"
